id,pic_url,descriptions,prompt,tags
0,https://promptlibrary.org/wp-content/uploads/2023/06/Starry-Dreams-Mic-Performance-midjourney-prompt.jpg,Starry Dreams Mic Performance,"They are holding a microphone as if performing. The backdrop should be a starry sky, each star symbolizing a little star's dream. Don't forget the Pixar animation style ar 3: 4 --v 5","['3:4', 'animation', 'art', 'creativity', 'Dreams', 'Entertainment', 'fantasy', 'imagination', 'microphone', 'music', 'performance', 'Pixar', 'starry sky', 'stars', 'storytelling']"
1,https://promptlibrary.org/wp-content/uploads/2023/06/50-Coats-Installation-Art-midjourney-prompt.jpg,50 Coats Installation Art,"A large installation consisting of 50 favorite coats. Each coat represents a consumer, and they can be hung, woven or combined to form an artistic structure with three - dimensionality and layering. Viewers can walk around the installation, admiring the details and overall effect of each coat --ar 4:3  --style raw","['art installation', 'conceptual art', 'contemporary art', 'immersive art', 'installation art', 'interactive art', 'layering', 'mixed media', 'sculpture', 'textile art', 'three-dimensional art']"
2,https://promptlibrary.org/wp-content/uploads/2023/06/Golden-Robin-Athletic-Hero-Photography-midjourney-prompt.jpg,Golden Robin Athletic Hero Photography,"A male superhero, Robin design, full body photography, evil eyes, athletic figure, black and golden suit, cape, soft skin, dynamic posture, soft light, film texture, Arkham city background, virtual engine, advanced detail processing, ultra realistic 8k, styles for printing ","['cape', 'dynamic posture', 'evil eyes', 'full body photography', 'soft light', 'soft skin', 'ultra realistic 8k', 'virtual engine']"
3,https://promptlibrary.org/wp-content/uploads/2023/06/Beluga-Mandala-Coloring-Page-midjourney-prompt.jpg,Beluga Mandala Coloring Page,"coloring page for adults, mandala, beluga image, white background, clean line art, fine line art, no background, simple clean design, hd ","['clean line art', 'coloring page for adults', 'digital download', 'fine line art', 'mandala', 'meditation', 'no background', 'printable', 'stress relief', 'white background']"
4,https://promptlibrary.org/wp-content/uploads/2023/06/Lesbian-Model-in-Artistic-T-Shirt-midjourney-prompt.jpg,Lesbian Model in Artistic T-Shirt,"a young and beautiful lesbian model wearing yellow T - shirt with an artistic black DRAWING HANDMADE thick painting of smiling emoticon, a white coloured background, a Beautiful 2021 photography want to see the whole picture, ultra - realistic real make the unexpected expected real of a well proportioned, Ultra - Wide Angle, Depth of Field, hyper - detailed, beautifully color - coded, insane details, intricate details, Unreal Engine, 32k, ultra - realistic 200% , bright and colorful, vibrant, insanely detailed and intricate, epic composition, unreal engine, Super - Resolution, Megapixel, ProPhoto RGB, VR, Lonely, Good, Massive, Halfrear Lighting, Backlight, Natural Lighting, Incandescent, Optical Fiber, Moody Lighting, Cinematic Lighting, Studio Lighting, Soft Lighting, Volumetric Glowing, Shadows, Rough, Shimmering, Ray Tracing Reflections, Lumen Reflections, Screen Space Reflections, Diffraction Grading, GB Displacement, Scan Lines, Ray Traced, Ray Tracing Ambient Occlusion, Anti - Aliasing, FKAA, TXAA, RTX, SSAO, Shaders, OpenGL - Shaders, --ar 2:3 --q 5 --v 5 --s 750 --uplight  --s 750   --q 2","['2021 photography', '32k', 'Anti-aliasing', 'Backlight', 'Bright and colorful', 'cinematic lighting', 'Color-Coded', 'depth of field', 'Diffraction Grading', 'epic composition', 'FKAA', 'GB Displacement', 'half-rear lighting', 'hyper-detailed', 'incandescent', 'insane details', 'intricate details', 'Lonely', 'Lumen Reflections', 'Massive', 'Megapixel', 'moody lighting', 'Natural Lighting', 'OpenGL-Shaders', 'optical fiber', 'ProPhoto RGB', 'Ray Traced', 'Ray Tracing Ambient Occlusion', 'Ray Tracing Reflections', 'Rough', 'RTX', 'Scan Lines', 'screen space reflections', 'Shaders', 'shadows', 'shimmering', 'soft lighting', 'SSAO', 'studio lighting', 'Super-Resolution', 'TXAA', 'ultra-realistic', 'ultra-wide angle', 'Unreal Engine', 'Vibrant', 'volumetric glowing', 'VR', 'well-proportioned', 'white background', 'yellow t-shirt']"
5,https://promptlibrary.org/wp-content/uploads/2023/06/Futuristic-Kimono-Rain-Coat-midjourney-prompt.jpg,Futuristic Kimono Rain Coat,"futuristic and minimal kimono style rain coat for women, semi transparent foil, japanese inspired imprints with koi fishes, elegant shape, photoshooting in kyoto town in an alley, female model, white background, inspired from issey miyake, Very sharp, ultra realistic, cinematic lighting, depth field, hyper - detailed, Unreal Engine, Cinematic, color grading, Editorial Photography, Photography, Photoshoot, Shot on 50 mm lens, Depth of Field, --q 2 --ar 2:3","['Alley', 'cinematic lighting', 'color grading', 'depth of field', 'editorial photography', 'elegant shape', 'female model', 'foil', 'futuristic', 'hyper-detailed', 'Issey Miyake', 'Japanese inspired', 'kimono style', 'koi fishes', 'Kyoto town', 'minimal', 'photoshoot', 'rain coat', 'semi-transparent', 'sharp', 'Shot on 50mm Lens', 'ultra-realistic', 'Unreal Engine', 'white background', 'women']"
6,https://promptlibrary.org/wp-content/uploads/2023/06/Natural-Logo-for-Ohio-Valley-midjourney-prompt.jpg,Natural Logo for Ohio Valley,"transparent background, natural logo for software business called ohio valley digital --s 750 --v 5.1","['branding', 'Business', 'creativity', 'design', 'digital marketing', 'innovation', 'logo', 'minimalism', 'natural', 'professional', 'simplicity', 'software', 'Technology', 'transparent background']"
7,https://promptlibrary.org/wp-content/uploads/2023/06/Love-Luxury-Logo-Design-midjourney-prompt.jpg,Love Luxury Logo Design,"Logo design, store name: Love and Luxury, sans serif font, horizontal alignment, unique symbol, elegant meaning, sophisticated colors, silver, simple --v 5.1 --style raw --s 750","['branding', 'fashion', 'identity', 'logo design', 'luxury', 'minimalist', 'modern', 'Sans serif font', 'silver', 'simple', 'sophisticated colors']"
8,https://promptlibrary.org/wp-content/uploads/2023/06/Gods-Beer-Bash-midjourney-prompt.jpg,Gods Beer Bash,"a fantasy art image of the greek gods, Poseidon, Hades and Zeus getting together for a beer. They are all extremely handsome wearing armour and laughing ","['armour', 'beer', 'deities', 'Divine', 'fantasy art', 'gods', 'Greek gods', 'Hades', 'handsome', 'laughing', 'mythology', 'Olympus', 'party', 'Poseidon', 'Zeus']"
9,https://promptlibrary.org/wp-content/uploads/2023/06/Jeans-making-Bangladeshi-Girl-midjourney-prompt-1.jpg,Jeans-making Bangladeshi Girl,Bangladeshi girl making jeans pants in a graments using machine ,"['Bangladeshi', 'craftsmanship', 'fashion', 'garments', 'Girl', 'industry', 'jeans', 'labor', 'machine', 'manufacturing', 'pants', 'Production', 'skill', 'textile', 'workmanship']"
10,https://promptlibrary.org/wp-content/uploads/2023/06/Feminine-Manga-Man-Pose-midjourney-prompt.jpg,Feminine Manga Man Pose,"beautiful feminine man, long straight white hair, loose fitting black kimono, slender build, muscular, feminine pose, whole body in frame, manga art style, --ar 2:3","['anime', 'beautiful', 'feminine', 'illustration', 'long hair', 'Loose Fitting', 'man', 'Manga Art Style', 'Muscular', 'slender', 'straight hair', 'white hair', 'whole body']"
11,https://promptlibrary.org/wp-content/uploads/2023/06/Artistic-Masterpieces-in-Various-Styles-midjourney-prompt-1.jpg,Artistic Masterpieces in Various Styles,"an art sculpture of the bearded man with a beard sitting in a colorful body of water, in the style of craig mullins, close - up, hercules seghers, vibrant impasto brushstrokes, kieron gillen, neo - geo, heistcore - western ivan fedorovich choultse, yoann lossel, rtx on, close - up intensity, light violet and red, ue5 ::5.2 d& d, slovenian paintings, marvel comics, epic portraiture, 8k ::6 a man, in robes, is waiting for someone from a large building, in the style of marc silvestri, otherworldly illustrations, dark and intricate, glassy translucence, daniel f. gerhartz, brothers hildebrandt, red and blue in the style of aestheticized violence vandalizing publicity iridescent: two pictures of people playing gaming on computers vhs in the style of gothic references, somber religious works in the style of todd schorr - vibrant realism, inventive character designs, queencore, thechamba, rtx on, epic portraiture, highly realistic ::5 cinematic ::1 an catholic sculpture of queer trans jesus in the style of colorful fantasy realism ::1 queer academia, heavy inking, richly colored skies, retrowave - dramatic a somber religious works - i can't believe how beautiful this is - staining - germanic art ::1 elegant - golden ratio - elite - highly detailed - color triad, dynamic composition, ultra resolution, extra wide shot, digital art, world made of light, soft lighting, Unreal Engine, depth of field, full hd photo, HDR, high resolution photography, macro photography, beautiful highlights, art, photoshop, studio setting, simple, neutral, grainy, matte, vogue style ::4 Canon EOS 5D Mar DSLR k IV, f/ 2. 8, ISO 100, 1/ 100 sec, RAW ::1 --ar 2:3 --c 100 --s 1000 --style raw --q 0.5 --iw 0.75  --v 5.1","['1/100 sec', 'aestheticized violence', 'art sculpture', 'bearded man', 'beautiful highlights', 'Brothers Hildebrandt', 'Canon EOS 5D Mark IV', 'Catholic sculpture', 'cinematic', 'close-up', 'close-up intensity', 'color triad', 'colorful body of water', 'colorful fantasy realism', 'Craig Mullins', 'Daniel F Gerhartz', 'dark and intricate', 'depth of field', 'digital art', 'dynamic composition', 'elegant', 'elite', 'epic portraiture', 'extra wide shot', 'f/28', 'full hd photo', 'gaming', 'Germanic art', 'glassy translucence', 'golden ratio', 'gothic references', 'grainy', 'HDR', 'heavy inking', 'heistcore-western', 'hercules seghers', 'high resolution photography', 'highly detailed', 'highly realistic', 'inventive character designs', 'iridescent', 'ISO 100', 'Ivan Fedorovich Choultse', 'Kieron Gillen', 'macro photography', 'Marc Silvestri', 'marvel comics', 'matte', 'Neo-Geo', 'neutral', 'Otherworldly Illustrations', 'photoshop', 'queencore', 'queer academia', 'queer trans Jesus', 'Raw', 'retrowave', 'richly colored skies', 'RTX on', 'simple', 'Slovenian paintings', 'soft lighting', 'somber religious works', 'studio setting', 'TheChamba', 'Todd Schorr', 'ultra resolution', 'Unreal Engine', 'vandalizing publicity', 'VHS', 'vibrant impasto brushstrokes', 'vibrant realism', 'Vogue style', 'world made of light', 'yoann lossel']"
12,https://promptlibrary.org/wp-content/uploads/2023/06/Backstage-Ballerina-Bun-midjourney-prompt.jpg,Backstage Ballerina Bun,A young ballerina preparing backstage ::2 a tight bun secured with hairspray ::1 --v 5.1 --style raw,"['art', 'backstage', 'ballerina', 'Ballet', 'bun', 'costume', 'dance', 'hair', 'Hairspray', 'makeup', 'performance', 'preparation', 'stage', 'young']"
13,https://promptlibrary.org/wp-content/uploads/2023/06/Butterfly-Bursting-Through-Brick-midjourney-prompt.jpg,Butterfly Bursting Through Brick,"Colorful Butterfly come out from the cracked hole in Brick wall, in style of 3D plaster cast, lush detailing, high resolution, charming illustrations --ar 93:82  --upbeta --q 2 --v 5","['Brick Wall', 'charming illustrations', 'creativity', 'high resolution', 'home decor', 'InsectsDesign', 'lush detailing', 'nature', 'photography', 'texture', 'wall art']"
14,https://promptlibrary.org/wp-content/uploads/2023/06/Elsa-Hosks-Graceful-Staircase-Stride-midjourney-prompt.jpg,Elsa Hosks Graceful Staircase Stride,"closeup Portrait of Super model Elsa Hosk gracefully striding down a marble staircase in a flowing Louis Vuitton gown, her dress adorned with delicate lace and intricate floral embroidery. The dress fits her like a second skin, accentuating her slender figure and highlighting her long legs. Her hair cascades down in loose waves, framing her beautiful face. Soft sunlight filters through the arched windows, casting a warm glow on the scene. The environment exudes opulence, with grand chandeliers hanging from the ceiling and luxurious velvet drapes adorning the walls. The mood is elegant and sophisticated, evoking a sense of timeless beauty. The style for this image is a classic fashion photography shot, captured with a high - end DSLR camera, using a 50mm lens to create a natural perspective and shallow depth of field. --ar 16:9 --v 5.1","['closeup', 'Elsa Hosk', 'fashion photography', 'floral embroidery', 'gown', 'hair', 'high-end DSLR camera', 'lace', 'long legs', 'Louis Vuitton', 'opulence', 'portrait', 'slender figure', 'Super Model', 'waves']"
15,https://promptlibrary.org/wp-content/uploads/2023/06/Autumn-Leaves-Cartoon-Pattern-midjourney-prompt.jpg,Autumn Leaves Cartoon Pattern,infinite autumn leaves pattern on a white background cartoon style --ar 293:151 --s 50,"['autumn', 'Cartoon', 'design', 'fall', 'foliage', 'graphic', 'illustration', 'leaves', 'nature', 'pattern', 'repeat', 'seamless', 'seasonal', 'vector', 'white background']"
16,https://promptlibrary.org/wp-content/uploads/2023/06/Jouir-Mushroom-Candy-Packaging-midjourney-prompt.jpg,Jouir Mushroom Candy Packaging,"flat design for mushroom gummy candy packaging, jouir, colorful, contemporary, modern --s 250 --q 2","['branding', 'candy packaging', 'Colorful', 'confectionery', 'contemporary', 'flat design', 'food packaging', 'graphic design', 'modern', 'packaging', 'packaging design', 'product design', 'sweets']"
17,https://promptlibrary.org/wp-content/uploads/2023/06/Pad-Thai-in-4k-midjourney-prompt.jpg,Pad Thai in 4k,", Pad Thai, light and shadow 4k 8k --ar 3:4 --iw 2 --s 750 --v 5.1","['4k', '8K', 'Asian food', 'cinematography', 'food photography', 'foodie', 'foodporn', 'light', 'noodles', 'photography', 'Shadow', 'stir fry', 'Thai cuisine', 'videography']"
18,https://promptlibrary.org/wp-content/uploads/2023/06/Chinese-Bracelet-E-Commerce-Photography-midjourney-prompt.jpg,Chinese Bracelet E-Commerce Photography,"New Chinese style bracelet, e - commerce photography --ar 3:4 --v 5.1","['accessories', 'advertising', 'bracelet', 'branding', 'commercial', 'Creative', 'cultural', 'digital', 'fashion', 'gift', 'handmade', 'high-quality', 'jewelry', 'lifestyle', 'marketing', 'men', 'modern', 'Online store', 'photography', 'product', 'professional', 'social media', 'traditional', 'trendy', 'unique', 'white background', 'women']"
19,https://promptlibrary.org/wp-content/uploads/2023/06/Futuristic-Spiderman-Montage-midjourney-prompt.jpg,Futuristic Spiderman Montage,"Marvel Spiderman, montage, Futuristic metropolis, volumetric lighting, leica lens --ar 9:16 --v 5  --s 750 --v 5","['action', 'adventure', 'CGI', 'comic book', 'futuristic metropolis', 'Leica Lens', 'Marvel Spiderman', 'montage', 'sci-fi', 'skyline', 'special effects', 'superhero', 'Technology', 'urban', 'volumetric lighting']"
20,https://promptlibrary.org/wp-content/uploads/2023/06/Colorful-Wall-Art-Mockup-midjourney-prompt.jpg,Colorful Wall Art Mockup,"small wall art mock up, colorful, tan and light blue, high quality ","['art print', 'Colorful', 'digital art', 'graphic design', 'high quality', 'home decor', 'interior design', 'light blue', 'mock up', 'modern art', 'print design', 'product mockup', 'tan', 'wall decor']"
21,https://promptlibrary.org/wp-content/uploads/2023/06/Happy-Family-on-Sunny-Vacation-midjourney-prompt.jpg,Happy Family on Sunny Vacation,"sunny day, good vibes, hotel in the background, happy family of a mother, a father, a son and a daughter laughing in a vacation, photo realistic, real picture, no hands in the frame ","['family vacation', 'Fun', 'good vibes', 'happiness', 'happy family', 'hotel', 'joy', 'laughter', 'leisure', 'no hands', 'photo realistic', 'real picture', 'sunny day', 'travel', 'vacation']"
22,https://promptlibrary.org/wp-content/uploads/2023/06/Mini-Kittens-Playful-Fantasy-midjourney-prompt-1.jpg,Mini Kittens Playful Fantasy,"portrait of a miniature cute white mini kitten reaching a baby's hand, doing funny things, funny expression, shallow depth of field, fantasy animal, macro, cute, bokeh background, surreal photography, in the style of kawaii, humble charm --ar 2:3 --s 750 --v 5.1","['baby', 'bokeh background', 'cute', 'expression', 'fantasy animal', 'funny', 'humble charm', 'kawaii', 'kitten', 'macro', 'miniature', 'portrait', 'shallow depth of field', 'surreal photography', 'white']"
23,https://promptlibrary.org/wp-content/uploads/2023/06/Symmetrical-Mandala-Coloring-Page-midjourney-prompt-1.jpg,Symmetrical Mandala Coloring Page,"Black and white full page pattern coloring page, golden ratio, radial shapes, full page, symmetrical, detailed, mandala, abstract pattern, interlocking patterns, thin black clear lines, coloring, simple line art, printable outlined art, –style 4b --ar 19:22","['abstract pattern', 'black and white', 'coloring', 'coloring page', 'detailed', 'full page', 'golden ratio', 'interlocking patterns', 'mandala', 'pattern', 'simple line art', 'symmetrical']"
24,https://promptlibrary.org/wp-content/uploads/2023/06/Vampire-Leather-Horrorcore-Glamour-midjourney-prompt.jpg,Vampire Leather Horrorcore Glamour,"glamour model, vampire, horrorcore, leather/ hide, vignetting, bold curves, dark brown and black, Sony alpha a7r, extreme detail, HDR, photo by Frans Lanting --ar 9:16 --v 5.1 --s 1000 --style raw --c 100","['black', 'bold curves', 'dark brown', 'extreme detail', 'fashion', 'HDR', 'horrorcore', 'leather/hide', 'photography', 'portrait', 'Sony Alpha A7R', 'vampire', 'vignetting']"
25,https://promptlibrary.org/wp-content/uploads/2023/06/Realism-Movie-Photo-Taoist-Priest-midjourney-prompt.jpg,Realism Movie Photo Taoist Priest,"algo20230620_ CJ_ 4@qatest ::0 , A realism movie photo，A young asian male taoist priest, wise, the background is end of shang dynasty，natural volumetric， depth of field，commercial photography，real life，Award - winning core photorealistic，high# midjourney definition，Cinematic Lightning，Cinematic VFX，in the style of movie still，unreal engine，super detail，Imdb 250， 16K, best quality, lifelike renderings, high detailed ，hyperdetailed，realism ::1 --ar 16:9","['16K', 'award-winning', 'best quality', 'cinematic lighting', 'commercial photography', 'depth of field', 'high definition', 'high detailed', 'hyperdetailed', 'lifelike renderings', 'movie still', 'photorealistic', 'real life', 'realism', 'Super Detail', 'Unreal Engine']"
26,https://promptlibrary.org/wp-content/uploads/2023/06/Jeans-making-Bangladeshi-Girl-midjourney-prompt.jpg,Jeans-making Bangladeshi Girl,Bangladeshi girl making jeans pants in a graments using machine ,"['Bangladeshi', 'craftsmanship', 'fashion', 'garments', 'Girl', 'industry', 'jeans', 'labor', 'machine', 'manufacturing', 'pants', 'Production', 'skill', 'textile', 'workmanship']"
27,https://promptlibrary.org/wp-content/uploads/2023/06/Exotic-Arabic-RPG-Adventure-midjourney-prompt.jpg,Exotic Arabic RPG Adventure,"Sand and gravel ground, There is a tall and magnificent building in the center of the picture, Third - person pronoun overhead angle game, tension, 8K, Extreme details, Islamic architecture, Best quality, 3A game screenshot, Diablo style, Middle East region, exotic atmosphere, handsome protagonist standing in the center of the screen, arabic culture, RPG game, open world adventure, realistic style, super realistic, close - up, main character, back view, widescreen composition, arabic style --ar 16:9 --q 2 --s 750","['8K', 'Arabic culture', 'Arabic style', 'back view', 'best quality', 'close-up', 'Exotic Atmosphere', 'extreme details', 'Islamic architecture', 'main character', 'overhead angle', 'realistic style', 'super realistic', 'tall building', 'tension']"
28,https://promptlibrary.org/wp-content/uploads/2023/06/AP-Versace-Medusa-Logo-Vector-midjourney-prompt.jpg,AP Versace Medusa Logo Vector,the letter “AP” in the Egyptian all mean Versace medusa inside as a logo vector ,"['accessories', 'apparel', 'branding', 'design', 'Egyptian', 'fashion', 'high-end', 'Italian', 'logo', 'luxury', 'Medusa', 'style', 'vector', 'Versace']"
29,https://promptlibrary.org/wp-content/uploads/2023/06/Artistic-Masterpieces-in-Various-Styles-midjourney-prompt.jpg,Artistic Masterpieces in Various Styles,"an art sculpture of the bearded man with a beard sitting in a colorful body of water, in the style of craig mullins, close - up, hercules seghers, vibrant impasto brushstrokes, kieron gillen, neo - geo, heistcore - western ivan fedorovich choultse, yoann lossel, rtx on, close - up intensity, light violet and red, ue5 ::5.2 d& d, slovenian paintings, marvel comics, epic portraiture, 8k ::6 a man, in robes, is waiting for someone from a large building, in the style of marc silvestri, otherworldly illustrations, dark and intricate, glassy translucence, daniel f. gerhartz, brothers hildebrandt, red and blue in the style of aestheticized violence vandalizing publicity iridescent: two pictures of people playing gaming on computers vhs in the style of gothic references, somber religious works in the style of todd schorr - vibrant realism, inventive character designs, queencore, thechamba, rtx on, epic portraiture, highly realistic ::5 cinematic ::1 an catholic sculpture of queer trans jesus in the style of colorful fantasy realism ::1 queer academia, heavy inking, richly colored skies, retrowave - dramatic a somber religious works - i can't believe how beautiful this is - staining - germanic art ::1 elegant - golden ratio - elite - highly detailed - color triad, dynamic composition, ultra resolution, extra wide shot, digital art, world made of light, soft lighting, Unreal Engine, depth of field, full hd photo, HDR, high resolution photography, macro photography, beautiful highlights, art, photoshop, studio setting, simple, neutral, grainy, matte, vogue style ::4 Canon EOS 5D Mar DSLR k IV, f/ 2. 8, ISO 100, 1/ 100 sec, RAW ::1 --ar 2:3 --c 100 --s 1000 --style raw --q 0.5 --iw 0.75  --v 5.1","['1/100 sec', 'aestheticized violence', 'art sculpture', 'bearded man', 'Brothers Hildebrandt', 'Canon EOS 5D Mark IV', 'Catholic sculpture', 'cinematic', 'close-up', 'close-up intensity', 'color triad', 'colorful body of water', 'colorful fantasy realism', 'computers', 'Craig Mullins', 'Daniel F Gerhartz', 'dark and intricate', 'depth of field', 'digital art', 'dynamic composition', 'elegant', 'elite', 'epic portraiture', 'extra wide shot', 'f/28', 'full hd photo', 'gaming', 'Germanic art', 'glassy translucence', 'golden ratio', 'gothic references', 'grainy', 'HDR', 'heavy inking', 'heistcore-western', 'hercules seghers', 'high resolution photography', 'highly detailed', 'highly realistic', 'inventive character designs', 'iridescent', 'ISO 100', 'Ivan Fedorovich Choultse', 'Kieron Gillen', 'light violet', 'macro photography', 'Marc Silvestri', 'marvel comics', 'matte', 'Neo-Geo', 'neutral', 'Otherworldly Illustrations', 'queencore', 'queer academia', 'queer trans Jesus', 'Raw', 'red', 'retrowave', 'richly colored skies', 'RTX on', 'simple', 'Slovenian paintings', 'soft lighting', 'somber religious works', 'staining', 'studio setting', 'TheChamba', 'Todd Schorr', 'ultra resolution', 'Unreal Engine', 'vandalizing publicity', 'VHS', 'vibrant impasto brushstrokes', 'vibrant realism', 'Vogue style', 'world made of light', 'yoann lossel']"
30,https://promptlibrary.org/wp-content/uploads/2023/06/Mystical-Floral-Fairy-Crouching-midjourney-prompt.jpg,Mystical Floral Fairy Crouching,"shoot from behind, female mystical fairy creature with skin patterned with pink and red floral motifs, with pale white skin, with mini ballet skirt, with princess hair, with gold jewelry, with an aura around the body, with luminous mystical accessories on the body, crouching body, ultra realistic, premium textures, ultra definition textures, ultra definition, lumion efect, substance painter, nvidia rtx 4090, ultra high definition, 8K, unreal, hyper realistic, --ar 10:17  --s 250","['8K', 'aura', 'gold jewelry', 'hyper realistic', 'pale white skin', 'Substance Painter', 'ultra high definition', 'ultra realistic', 'Unreal']"
31,https://promptlibrary.org/wp-content/uploads/2023/06/Ring-Love-Buffer-Queue-midjourney-prompt.jpg,Ring Love Buffer Queue,"Ring Queue buffer illustrating the words “if you love it, put a ring on it” ","['computer science', 'data management', 'data processing', 'data storage', 'programming', 'queue']"
32,https://promptlibrary.org/wp-content/uploads/2023/06/French-Rococo-Sofa-and-Decor-midjourney-prompt.jpg,French Rococo Sofa and Decor,"A French cloth carving sofa, Rococo classical design style, an art cabinet beside the sofa, and a floor lamp, elegant and exquisite French Rococo classical style, bright sunlight, window light, high angle, fine details, strong lighting atmosphere, French Rococo classical design, home environment, commercial photography, product photography, strong light, light white color, best quality, ultra - high definition picture quality, ultra - high detail, High realism, medium shot. --s 250 --v 5","['bright sunlight', 'commercial photography', 'elegant', 'exquisite', 'fine details', 'floor lamp', 'high angle', 'product photography', 'strong light', 'window light']"
33,https://promptlibrary.org/wp-content/uploads/2023/06/South-Indian-Beauty-in-Red-midjourney-prompt.jpg,South Indian Beauty in Red,"Aswathy, South Indian woman, age 25, wearing a red saree, and long sleeve blouse, simple beauty, beautiful, happy face, smiling, full body, full saree, digital art, webtoon art, comic art style ","['age 25', 'beautiful', 'comic art style', 'digital art', 'Full body', 'happy face', 'smiling']"
34,https://promptlibrary.org/wp-content/uploads/2023/06/Blonde-Beauty-in-High-Quality-midjourney-prompt.jpg,Blonde Beauty in High Quality,"a beautiful girl with long blonde hair, standing and looking away, dress neckline, bright background, high resolution, high quality film photography --ar 4:5","['beautiful girl', 'beauty', 'bright background', 'elegance', 'fashion', 'Film photography', 'glamour', 'high quality', 'high resolution', 'long blonde hair', 'looking away', 'portrait', 'standing', 'style']"
35,https://promptlibrary.org/wp-content/uploads/2023/06/Child-in-Wheat-Field-midjourney-prompt.jpg,Child in Wheat Field,"/ a child, runs in the wheat field, fresh air, emphasis on action, taken with nikon d750, photo, realistic photo, high resolution ","['active', 'candid', 'countryside', 'fresh air', 'golden hour', 'high resolution', 'motion', 'nature', 'outdoor', 'photo', 'realistic photo']"
36,https://promptlibrary.org/wp-content/uploads/2023/06/Ginger-Anime-Duelists-Mai-Shizuka-midjourney-prompt.jpg,Ginger Anime Duelists Mai Shizuka,"90s anime character, female character, ginger hair, Mai Kujaku, Shizuka Kawai, yugioh, illustrated by Kazuki Takahashi --v 5","['action', 'adventure', 'anime', 'Duel Monsters', 'Egyptian Mythology', 'fantasy', 'female character', 'ginger hair', 'manga', 'trading card game', 'Yugioh']"
37,https://promptlibrary.org/wp-content/uploads/2023/06/Swinging-Sixties-London-Dance-Club-midjourney-prompt.jpg,Swinging Sixties London Dance Club,"in a swinging dress, in the sixties, London style, in a dance club, --s 250","['60s fashion', 'fashion inspiration', 'retro fashion', 'retro glamour', 'Vintage Style']"
38,https://promptlibrary.org/wp-content/uploads/2023/06/Red-LV-Bag-Minimal-Thriller-midjourney-prompt.jpg,Red LV Bag Minimal Thriller,"minimal still life photography of a red louis vuitton bag on a grey - blue background, thriller style cinematography ","['action', 'background', 'bag', 'blue', 'cinematography', 'drama', 'grey', 'Louis Vuitton', 'minimalism', 'photography', 'red', 'still life', 'style', 'suspense', 'thriller']"
39,https://promptlibrary.org/wp-content/uploads/2023/06/Undulating-Forest-Sculpture-Design-midjourney-prompt.jpg,Undulating Forest Sculpture Design,"forest park sculpture design by santiago calatrava and zaha hadid, bronze, white polished concrete, undulating curves, glass details, 8k, dusk in tokyo, thread chaotic, forest's background, clean sky --v 5.1 --style raw","['8K', 'bronze', 'design', 'Santiago Calatrava', 'sculpture', 'Zaha Hadid']"
40,https://promptlibrary.org/wp-content/uploads/2023/06/Gold-Mosaic-Girl-Portrait-midjourney-prompt.jpg,Gold Mosaic Girl Portrait,Photo of a girl on the background of a wall covered with a very small square gold mosaic. --s 750 --q 2 --v 5.1,"['background', 'Girl', 'glamour', 'interior design', 'metallic', 'pattern', 'photo', 'reflective', 'shiny', 'wall']"
41,https://promptlibrary.org/wp-content/uploads/2023/06/Jules-Vernes-Steampunk-Airship-midjourney-prompt.jpg,Jules Vernes Steampunk Airship,"steampunk airship in the style of Jules Verne, ar16: 9, 16k, bold, science fiction, sharp, clear, dynamic light, hyper realistic, ( highest quality) , ( best shadow) , High detail, masterpiece, high contrast, without glare, ultra high resolution, morning light, indirect light, without burn, trending on artstation, ","['16K', 'airship', 'ar16:9', 'best shadow', 'Bold', 'clear', 'dynamic light', 'High Contrast', 'high detail', 'high quality', 'hyper realistic', 'Jules Verne', 'masterpiece', 'science fiction', 'sharp', 'Steampunk']"
42,https://promptlibrary.org/wp-content/uploads/2023/06/Enchanted-Android-in-Snow-Forest-midjourney-prompt.jpg,Enchanted Android in Snow Forest,"enchanted snow forest, beautiful woman android with blue eyes, in the style of organic art nouveau, realistic portrait, becky cloonan, wimmelbilder, uhd image, slovenian paintings, david welker, dx --aspect 2:3","['becky cloonan', 'David Welker', 'dx', 'fantasy', 'Organic Art Nouveau', 'realistic portrait', 'sci-fi', 'Slovenian paintings', 'UHD image', 'wimmelbilder']"
43,https://promptlibrary.org/wp-content/uploads/2023/06/Cute-Doctor-Sphinx-Cat-midjourney-prompt.jpg,Cute Doctor Sphinx Cat,slightly cartoonish and cute sphinx cat in a doctor suit with round cute paws ,"['adorable', 'animal', 'cartoonish', 'character', 'cute', 'digital art', 'doctor', 'feline', 'illustration', 'medical', 'pet', 'sphinx cat', 'whimsical']"
44,https://promptlibrary.org/wp-content/uploads/2023/06/Fox-Garden-Delight-midjourney-prompt.jpg,Fox Garden Delight,"a charming garden scene with cute fox and vibrant flowers, detailed and realistic, with butterflies and ladybugs, perfect for a nature - themed nursery high - resolution, suitable for framing ::1 by Daria Shevtsova ::3 soft pastel colors ::1 mockup ::-0.5 --v 5.1 --style raw --no mockup --ar 2:3","['art print', 'butterflies', 'detailed', 'framing', 'high-resolution', 'ladybugs', 'mockup', 'nature-themed', 'nursery decor', 'realistic', 'soft pastel colors', 'vibrant flowers']"
45,https://promptlibrary.org/wp-content/uploads/2023/06/Victorian-Warframe-Motorcyclist-midjourney-prompt.jpg,Victorian Warframe Motorcyclist,"victorian, warframe, He is a motorcyclist wearing a black leather jacket, holding a helmet, driving a heavy motorcycle. --ar 1:1","['action', 'adventure', 'architecture', 'fashion', 'gaming', 'heavy motorcycle', 'helmet', 'history', 'leather jacket', 'literature', 'motorcyclist', 'sci-fi', 'shooter', 'Victorian', 'warframe']"
46,https://promptlibrary.org/wp-content/uploads/2023/06/Chiffon-Cake-Commercial-Photography-midjourney-prompt.jpg,Chiffon Cake Commercial Photography,"Commercial, Photography, a Chiffon Cake, FoodPhotos, Food Styling, LongLenedLens 85mm, Studio Lighting, f11, Studio Photos, Crazy Details, Octanerendering, Fine Details, Stock Photos, High resolution Photography, Professional Color Grading, 8k --v 5.1 --style raw","['8K', 'commercial', 'crazy details', 'f11', 'fine details', 'food styling', 'high resolution photography', 'photography', 'professional color grading', 'stock photos', 'studio lighting']"
47,https://promptlibrary.org/wp-content/uploads/2023/06/Glimmering-Snowflake-Lady-Transformation-midjourney-prompt.jpg,Glimmering Snowflake Lady Transformation,"Image of the back of a white lady with a snow flake, in the style of glimmering transformation, dreamlike illustrations, unreal engine, delicate flowers, yanjun cheng, glowing lights, exquisite clothing detail -  - s 250 ","['back view', 'beauty', 'delicate flowers', 'digital art', 'dreamlike illustrations', 'exquisite clothing detail', 'fantasy', 'glimmering transformation', 'glowing lights', 'surrealism', 'Unreal Engine', 'winter', 'yanjun cheng']"
48,https://promptlibrary.org/wp-content/uploads/2023/06/Clean-Trading-Bar-Close-Up-midjourney-prompt.jpg,Clean Trading Bar Close-Up,create simple and clean trading bar only with close up and front angle ,"['bar', 'candlestick chart', 'clean', 'close-up', 'finance', 'front angle', 'investment', 'simple', 'stock market', 'trading', 'trading strategy']"
49,https://promptlibrary.org/wp-content/uploads/2023/06/Forbidden-City-Summer-Travel-Poster-midjourney-prompt.jpg,Forbidden City Summer Travel Poster,"Flat vector art illustration, travel poster featuring the Forbidden City as the main visual, in summer, wide angle, 4K, --ar 9:16 --v 5.1","['4k', 'architecture', 'China', 'cultural', 'destination', 'flat vector art', 'Forbidden City', 'historical', 'illustration', 'landmark', 'summer', 'tourism', 'travel poster', 'vacation', 'wide angle']"
50,https://promptlibrary.org/wp-content/uploads/2023/06/Vibrant-Woman-Sketch-midjourney-prompt.jpg,Vibrant Woman Sketch,"Imagine a hyper - realistic sketch of a beautiful woman. Her features are delicately drawn, with every detail meticulously captured. The sketch is done in a scribble style, giving it an artistic and unique look. The background is filled with colorful shapes, creating a vibrant and dynamic backdrop for the woman. The shapes should be varied and abstract, their bright colors contrasting with the monochrome sketch. The lighting should be even, ensuring all elements of the image are clearly visible. The composition should focus on the woman, with the colorful shapes framing her. Use a high - resolution 16k camera with a 16: 9 aspect ratio, a version 5. 1 style set to raw, and a quality setting of 2. ","['Abstract', 'aspect ratio', 'camera', 'composition', 'dynamic', 'high-resolution', 'hyper-realistic', 'lighting', 'monochrome', 'sketch', 'Vibrant']"
51,https://promptlibrary.org/wp-content/uploads/2023/06/Charred-Wood-Texture-by-Colville-midjourney-prompt.jpg,Charred Wood Texture by Colville,"Black rustic wood texture for walls, panels or cladding, in the style of black modernism, wood, photograph is taken by Alex Colville, in the style of burned/ charred, video, post - punk diy, light amber, i can't believe how beautiful this is, grindcore, playing with light and shadow 8k, hdr, --c 2 --s 500 --q 3 --s 1000 --ar 16:9 --v 5.1 --s 750","['8K', 'beauty', 'burned', 'Charred', 'HDR', 'light amber', 'Light and Shadow', 'panels', 'video', 'walls', 'wood']"
52,https://promptlibrary.org/wp-content/uploads/2023/06/Futuristic-Kimono-Raincoat-Photoshoot-midjourney-prompt.jpg,Futuristic Kimono Raincoat Photoshoot,"futuristic and minimal kimono style rain coat for women, semi transparent foil, japanese inspired imprints with koi fishes, elegant shape, photoshooting in kyoto town in an alley, female model, white background, inspired from issey miyake, Very sharp, ultra realistic, cinematic lighting, depth field, hyper - detailed, Unreal Engine, Cinematic, color grading, Editorial Photography, Photography, Photoshoot, Shot on 50 mm lens, Depth of Field, --q 2 --ar 2:3","['50mm lens', 'Alley', 'cinematic lighting', 'color grading', 'depth field', 'depth of field', 'editorial photography', 'elegant shape', 'female model', 'foil', 'futuristic', 'hyper-detailed', 'Issey Miyake', 'Japanese inspired', 'kimono style', 'koi fishes', 'Kyoto town', 'minimal', 'photoshoot', 'rain coat', 'semi-transparent', 'sharp', 'ultra-realistic', 'Unreal Engine', 'white background', 'women']"
53,https://promptlibrary.org/wp-content/uploads/2023/06/Bionic-Eye-Coloring-Page-midjourney-prompt.jpg,Bionic Eye Coloring Page,"coloring page illustration line art, fill entirely, bionic steampunk eye closeup, unique, intricate details, high quality ::1 shading ::-0.5 --no shading --ar 2:1  --upbeta   --q 2","['bionic', 'closeup', 'coloring page', 'eye', 'high quality', 'illustration', 'intricate details', 'line art', 'shading', 'Steampunk', 'unique']"
54,https://promptlibrary.org/wp-content/uploads/2023/06/Camping-with-Dad-and-Fishing-midjourney-prompt.jpg,Camping with Dad and Fishing,"Evening camping, pine forest, river, fishing father, fishing rod, white background cut --s 750 --q 2","['adventure', 'campfire', 'family time', 'father', 'fishing', 'nature', 'outdoors', 'pine forest', 'relaxation', 'river', 'tent', 'white background', 'wilderness']"
55,https://promptlibrary.org/wp-content/uploads/2023/06/Haunted-Forest-House-midjourney-prompt.jpg,Haunted Forest House,"blurry, dark, messy, painting of a forest and a dark house in the background, trippy art, abstract, lonely, sad, ink, watercolor, creepy, ghosts, washed out ","['Abstract', 'Blurry', 'creepy', 'dark', 'ghosts', 'ink', 'Lonely', 'messy', 'sad', 'surreal', 'trippy art', 'watercolor']"
56,https://promptlibrary.org/wp-content/uploads/2023/06/Bold-Pop-Art-Lake-Skyline-midjourney-prompt.jpg,Bold Pop Art Lake Skyline,"Titicaca Lake Skyline, , Pop art Skyline, Pop art still life Bold colors 8k --ar 17:12","['8K', 'bold colors', 'cityscape', 'contemporary art', 'mountains', 'nature', 'Pop art still life', 'reflections', 'urban art', 'water']"
57,https://promptlibrary.org/wp-content/uploads/2023/06/Tropical-Watercolor-Rainforest-by-Klassen-midjourney-prompt.jpg,Tropical Watercolor Rainforest by Klassen,jon klassen style tropical rainforest painted with watercolor on white background --ar 300:160  --s 750,"['Colorful', 'foliage', 'Jon Klassen', 'lush', 'nature', 'painting', 'rainforest', 'tropical', 'Vibrant', 'watercolor', 'white background', 'wildlife']"
58,https://promptlibrary.org/wp-content/uploads/2023/06/Realistic-Back-View-of-Elderly-Woman-midjourney-prompt.jpg,Realistic Back View of Elderly Woman,"old women sitting, image taken from back, hyperrealistic --q 0.5 --s 750 --style raw","['back view', 'contemporary art', 'elderly', 'female', 'Figurative Art', 'Fine Art', 'hyperrealism', 'portrait', 'senior citizen', 'sitting', 'traditional art']"
59,https://promptlibrary.org/wp-content/uploads/2023/06/Luxury-Brand-Display-Window-midjourney-prompt.jpg,Luxury Brand Display Window,"display window for luxury brands such as hermess, louis vuition, gucci, with funky abstract designed by Picasso, unique design, with elegant and luxury feeling and experience --v 5.1 --ar 16:9","['abstract design', 'display window', 'elegance', 'gucci', 'Hermes', 'high-end fashion', 'Louis Vuitton', 'luxury brands', 'luxury goods', 'luxury lifestyle', 'luxury shopping', 'Picasso', 'unique design']"
60,https://promptlibrary.org/wp-content/uploads/2023/06/Cosmetics-on-Bark-Background-midjourney-prompt.jpg,Cosmetics on Bark Background,"Commercial photography, cosmetics, bark background，glass table top, spotlight, studio lighting, dappled shadow, realistic style, 4K, Lancome --c 20","['4k', 'advertising', 'beauty', 'commercial photography', 'cosmetics', 'dappled shadow', 'fashion', 'high resolution', 'product photography', 'realistic style', 'Spotlight', 'studio lighting']"
61,https://promptlibrary.org/wp-content/uploads/2023/06/Cute-Seth-in-Cartoon-Style-midjourney-prompt.jpg,Cute Seth in Cartoon Style,cute cartoon style Egyptian god Seth --v 5,"['ancient Egypt', 'Cartoon', 'character design', 'cute', 'deities', 'digital art', 'Egyptian Mythology', 'fantasy', 'God', 'illustration', 'mythology', 'mythology art']"
62,https://promptlibrary.org/wp-content/uploads/2023/06/Bulging-eyed-Serious-Feline-midjourney-prompt.jpg,Bulging-eyed Serious Feline,A very serious cat with bulging eyes --ar 9:16,"['adorable', 'animal', 'cat', 'cute', 'feline', 'funny', 'meme', 'pet', 'popular', 'serious', 'social media', 'Trending', 'viral']"
63,https://promptlibrary.org/wp-content/uploads/2023/06/Purple-Tulip-Watercolor-Set-midjourney-prompt.jpg,Purple Tulip Watercolor Set,"set of floral watercolor, purple tulip, isolated white background --q 2 --s 250 --v 5.1","['botanical', 'decoration', 'design', 'floral', 'isolated', 'nature', 'paintingillustration', 'purple', 'set', 'spring', 'tulip', 'watercolor', 'white background']"
64,https://promptlibrary.org/wp-content/uploads/2023/06/Beautiful-Girl-3D-Render-midjourney-prompt.jpg,Beautiful Girl 3D Render,"the girl is beautiful, 3D render, OC render, best quality, 8k, bright, front lighting, Face shot, fine luster, mockup blind box toy Disney style --q 2 --v 5 --s 750","['3d render', '8K', 'beautiful', 'blind box toy', 'bright', 'character design', 'collectibles', 'Disney style', 'face shot', 'fine luster', 'front lighting', 'high quality', 'mockup', 'OC render', 'toy design']"
65,https://promptlibrary.org/wp-content/uploads/2023/06/Joyful-6-Year-Old-Jumping-midjourney-prompt.jpg,Joyful 6-Year-Old Jumping,we envisage a realistic image of a 6 years old kid. he's happy and jumping with energy and dynamism. the background is yellow. we see pure joy and infectious energy. ,"['6 years old', 'active', 'carefree', 'childhood', 'dynamism', 'energy', 'exuberant', 'happiness', 'joy', 'jumping', 'kid', 'Playful', 'Realistic image', 'yellow background']"
66,https://promptlibrary.org/wp-content/uploads/2023/06/Rotating-Web-Globe-with-Dots-midjourney-prompt.jpg,Rotating Web Globe with Dots,"as the web rotates, a globe with dots around it is shown, in the style of black - and - white block prints, rectangular fields, shang dynasty, kodak vision2 250d, topographical sketches, microfilm, grid - like structure --ar 3:1","['black and white', 'cinematography', 'globe', 'rectangular fields', 'rotation', 'shang dynasty', 'web design']"
67,https://promptlibrary.org/wp-content/uploads/2023/06/Prehistoric-Womans-Ultra-Detailed-Tattoos-midjourney-prompt.jpg,Prehistoric Womans Ultra Detailed Tattoos,"woman in prehistoric era, smooth skin, awe inspiring scene, full body tattoos except for chest, Ultra detailed. Shot on Canon EOS 5D Mark IV, Canon EF 24 - 70mm f/ 2. 8L II USM lens. Set the aperture to f/ 4 to achieve a balanced depth of field and let the beauty of the surroundings unfold. Adjust the ISO to 400 for optimal clarity in the fire lit lighting. Freeze this enchanting moment with a shutter speed of 1/ 250 sec, capturing every detail with precision. futuristic --v 5.1","['Canon EOS 5D Mark IV', 'f/4 aperture', 'futuristic', 'ISO 400', 'smooth skin', 'ultra detailed']"
68,https://promptlibrary.org/wp-content/uploads/2023/06/Model-Elsa-Hosks-Graceful-Stride-midjourney-prompt.jpg,Model Elsa Hosks Graceful Stride,"closeup face Portrait of Super model Elsa Hosk gracefully striding down a marble staircase in a flowing vulcano lava Louis Vuitton gown, her dress adorned with delicate lace and intricate floral embroidery. The dress fits her like a second skin, accentuating her slender figure and highlighting her long legs. Her hair cascades down in loose waves, framing her beautiful face. Soft sunlight filters through the arched windows, casting a warm glow on the scene. The environment exudes opulence, with grand chandeliers hanging from the ceiling and luxurious velvet drapes adorning the walls. The mood is elegant and sophisticated, evoking a sense of timeless beauty. The style for this image is a classic fashion photography shot, captured with a high - end DSLR camera, using a 50mm lens to create a natural perspective and shallow depth of field. --ar 6:5 --v 5.1","['chandeliers', 'closeup', 'Elsa Hosk', 'face', 'fashion photography', 'floral embroidery', 'lace', 'long legs', 'opulence', 'portrait', 'slender figure', 'Super Model']"
69,https://promptlibrary.org/wp-content/uploads/2023/06/Interior-Forest-Photorealistic-Surrealism-midjourney-prompt.jpg,Interior Forest Photorealistic Surrealism,"interior forester Tear structure, photorealistic rendering, alien architecture, technological landscape, surrealism, architectural utopia, clay render, 32k uhd --q 2 --s 750","['32k uhd', '3D modeling', 'alien architecture', 'architecture', 'clay render', 'digital art', 'forestry', 'interior design', 'landscape', 'photorealistic rendering', 'surrealism', 'Technology', 'utopia', 'visualization']"
70,https://promptlibrary.org/wp-content/uploads/2023/06/Colorful-Witch-Clipart-Inspired-by-Ceccoli-midjourney-prompt.jpg,Colorful Witch Clipart Inspired by Ceccoli,"whimsical full body witch, colorfull, Clipart, png, isolated on White background, inspired by Nicoletta Ceccoli --s 750 --v 5.1","['clipart', 'Colorful', 'dreamy', 'enchanting', 'fantasy', 'feminine', 'Full body', 'isolated', 'magical', 'Nicoletta Ceccoli', 'PNG', 'surreal', 'whimsical', 'white background', 'Witch']"
71,https://promptlibrary.org/wp-content/uploads/2023/06/Handmade-Dragon-Warrior-Armor-midjourney-prompt.jpg,Handmade Dragon Warrior Armor,"Dragon Warrior, Armor, Wings, Handsome, Full Body, Handmade, Modeling, Orange, 3D Rendered, OC Rendered, Flame Stoned Background, High Definition, High Quality --q 2 --v 5","['3d rendered', 'armor', 'Full body', 'handmade', 'handsome', 'high definition', 'high quality', 'modeling', 'OC rendered', 'orange', 'wings']"
72,https://promptlibrary.org/wp-content/uploads/2023/06/Zhuang-Woman-by-River-Singing-midjourney-prompt.jpg,Zhuang Woman by River Singing,"Guilin landscape background, a woman dressed in Zhuang clothes and pants, standing by the river singing, surrounded by two birds, hand - painted, Chinese illustration, --s 750 --v 5","['art', 'background', 'birds', 'culture', 'hand-painted', 'nature', 'pants', 'river', 'scenery', 'singing', 'traditional', 'woman']"
73,https://promptlibrary.org/wp-content/uploads/2023/06/Beer-Grinning-Warmcore-Man-midjourney-prompt.jpg,Beer-Grinning Warmcore Man,"a man holding a beer in his hands and smiles at the camera, in the style of mood lighting, clear edge definition, made of all of the above, warmcore, algeapunk, kombuchapunk, english major --ar 1:1","['algeapunk', 'beer', 'camera', 'casual', 'Happy', 'Kombuchapunk', 'leisure', 'man', 'Mood Lighting', 'Relaxed', 'smiling', 'socializing', 'warmcore']"
74,https://promptlibrary.org/wp-content/uploads/2023/06/Hyperreal-Floral-Sun-Circle-midjourney-prompt.jpg,Hyperreal Floral Sun Circle,"a painting of flowers in a circle with the sun falling, in the style of illusory hyperrealism, orange and aquamarine, grid, colorful moebius, crystalcore, highly detailed foliage, sculptural alchemy --q 2","['aquamarine', 'circle', 'colorful moebius', 'Crystalcore', 'Fine Art', 'flowers', 'grid', 'Highly Detailed Foliage', 'illusory hyperrealism', 'orange', 'painting', 'sun']"
75,https://promptlibrary.org/wp-content/uploads/2023/06/Cute-Dog-and-Golden-Coins-midjourney-prompt.jpg,Cute Dog and Golden Coins,Real cute dog staring at gold coins and coins with paw symbol falling from the sky. Warm weather in the background. --s 750,"['adorable', 'animal', 'fortune', 'gold coins', 'luck', 'money', 'nature', 'outdoors', 'pets', 'sunny', 'wealth']"
76,https://promptlibrary.org/wp-content/uploads/2023/06/Devotee-in-Cathedral-Light-midjourney-prompt.jpg,Devotee in Cathedral Light,Portrait of ancient devote woman praying alone on her knees. Interior cathedral. Volumetric light. Dramatic light. --ar 16:9 --q 2 --s 750,"['ancient', 'cathedral', 'dramatic light', 'faith', 'interior', 'knees', 'portrait', 'praying', 'religious', 'solitude', 'spirituality', 'volumetric Light', 'woman', 'worship']"
77,https://promptlibrary.org/wp-content/uploads/2023/06/French-Woman-Ultrarealistic-Photography-midjourney-prompt.jpg,French Woman Ultrarealistic Photography,"a natural elegant 47 - year - old woman of French ethnicity, shoulder - length chestnut hair, captivating hazel eyes, 5’6” tall, her measurements are 36B - 28 - 38, ultrarealistic, cinematic, professional photography, magazine --ar 1:2","['beauty', 'chestnut hair', 'cinematic', 'elegant', 'fashion', 'hazel eyes', 'magazine', 'natural', 'professional photography', 'ultrarealistic', 'woman']"
78,https://promptlibrary.org/wp-content/uploads/2023/06/Watercolor-Mermaid-on-White-midjourney-prompt.jpg,Watercolor Mermaid on White,"an image of a watercolor mermaid with a long tail, in the style of uhd image, comic art, sketchfab, elaborate costumes, antique subjects, oshare kei, wetcore, isolated on flat white background --s 250","['antique subjects', 'art', 'comic art', 'elaborate costumes', 'fantasy', 'flat white background', 'isolated', 'long tail', 'mermaid', 'mythical creatures', 'Oshare Kei', 'Sketchfab', 'UHD image', 'watercolor', 'wetcore']"
79,https://promptlibrary.org/wp-content/uploads/2023/06/Green-Beauty-Expo-Modern-Minimalism-midjourney-prompt.jpg,Green Beauty Expo Modern Minimalism,China International Beauty Expo，Natural and plant - based products Neutral color palette with pops of green Modern and minimalist design Focal point display Interactive elements Strategic lighting Natural materials，Ultra wide angle lens --ar 16:9,"['beauty products', 'cosmetics', 'green accents', 'makeup', 'minimalist', 'modern design', 'natural materials', 'natural products', 'neutral color palette', 'Plant-Based', 'skincare', 'Trade Show']"
80,https://promptlibrary.org/wp-content/uploads/2023/06/Beach-Plastic-A-Portrait-midjourney-prompt.jpg,Beach Plastic A Portrait,"plastic trash on the beach. detailing, bold colors, strong contrasts, Natural Lighting portrait, portrait photography, High contrast, Balanced lighting, 8K, Beautiful Lighting, Ultra - Wide Angle, F/ 22, Super - Resolution, Composition Centered Composition, f/ 2. 8, Super - Resolution, The photograph is captured using a Sony A7R Mark IVA paired with a Sony FE 50 mm F1. 4 GM Lens. --ar 71:40 --s 750 --q 2 --v 5.1","['8K', 'balanced lighting', 'beach', 'Beautiful Lighting', 'bold colors', 'centered composition', 'detailing', 'F/ 22', 'High Contrast', 'portrait photography', 'strong contrasts', 'Super - Resolution', 'Ultra - Wide Angle']"
81,https://promptlibrary.org/wp-content/uploads/2023/06/Salvaged-Solar-Punk-Forge-midjourney-prompt.jpg,Salvaged Solar Punk Forge,an illustration of a single storey solar punk blacksmith forge building that is made up of salvaged pieces of metal and wood in a studio ghibli style --stylize 800,"['building', 'eco-friendly', 'illustration', 'metal', 'Studio Ghibli', 'wood']"
82,https://promptlibrary.org/wp-content/uploads/2023/06/Spray-Clean-Icon-Design-midjourney-prompt.jpg,Spray Clean Icon Design,"[Cleaning Spray] on white background, 2d lineal vector icon by flaticon and dribbble, behance hd, made in figma, adobe xd, sketch. ux, ui, ux/ ui. crisp and pixel - perfect design, minimalism, flat colored outline icon style, simplistic design,  ::1 color ::-0.5 --no color --v 5.1 --style raw --s 1000 --upbeta --q 2 --q 2 ","['2D Lineal Vector Icon', 'Adobe XD', 'Behance HD', 'Crisp Design', 'Dribbble', 'Figma', 'flat colored outline icon style', 'Flaticon', 'minimalism', 'Pixel-Perfect Design', 'Simplistic Design', 'sketch', 'UI', 'UX', 'white background']"
83,https://promptlibrary.org/wp-content/uploads/2023/06/US-Sky-Statue-Fireworks-midjourney-prompt.jpg,US Sky Statue Fireworks,"The Statue of Liberty of the United States, a large blue purple sky, fireworks, rockets, reflected light, blue purple sky fireworks, the Flag of the United States, cartoon illustrations, Disney style illustrations, game illustrations, game advertising maps, --ar 9:16  --s 250","['American icon', 'beautiful', 'calming', 'celebration', 'Colorful', 'dazzling', 'event', 'exploration', 'explosive', 'Fourth of July', 'freedom', 'futuristic', 'history', 'holiday', 'landmark', 'landscape', 'launch', 'liberty', 'monument', 'NASA', 'nature', ""New Year's Eve"", 'New York City', 'patriotic', 'peaceful', 'propulsion', 'rocketry', 'scenery', 'science', 'serene', 'space', 'spectacle', 'Technology', 'tourism', 'Vibrant']"
84,https://promptlibrary.org/wp-content/uploads/2023/06/Wall-Lamp-Styles-midjourney-prompt.jpg,Wall Lamp Styles,"1️⃣ a wall lamp with white and brass accents, in the style of white background, light brown, realistic portrayal of light and shadow, high contrast lighting, wood, daniel garber, light use of color 2️⃣ the white light has a gold finish and white shade, in the style of light brown, conceptual simplicity, realistic, detailed rendering, rusticcore, bold color contrast, wood, rim light 3️⃣ a gold wall lamp with a white light shade, in the style of craftcore, white and brown, white background, realistic usage of light and color, wood, high contrast lighting 4️⃣ a light fixture with a white glass and a brass wall art, in the style of realistic, detailed rendering, bold outlines, flat colors, light white and light brown, wood, topcor 58mm f/ 1. 4, white background, havencore --s 750","['bold outlines', 'craftcore', 'Daniel Garber', 'detailed rendering', 'flat colors', 'havencore', 'high contrast lighting', 'light brown', 'light white', 'realistic', 'realistic portrayal', 'realistic usage of light and color', 'rim light', 'rusticcore', 'white background', 'wood']"
85,https://promptlibrary.org/wp-content/uploads/2023/06/Futuristic-Kimono-Raincoat-midjourney-prompt.jpg,Futuristic Kimono Raincoat,"futuristic and simple kimono style rain coat designed by a Japanese conceptual designer for women, minimal style, japanese yakuza inspired imprints with koi fishes and cherry blossoms, elegant shape, photo shooting in a futuristic minimal spaceship, female model, white background, inspired from tron legacy, studio photography, studio lighting, Very sharp, ultra realistic, cinematic lighting, depth field, hyper - detailed, Unreal Engine, Cinematic, color grading, Editorial Photography, Photography, Photoshoot, Shot on 50 mm lens, Depth of Field, --q 2 --ar 16:9","['50mm lens', 'cherry blossoms', 'cinematic lighting', 'color grading', 'depth field', 'depth of field', 'editorial photography', 'elegant shape', 'female model', 'futuristic', 'hyper-detailed', 'Japanese', 'kimono style', 'koi fishes', 'minimal style', 'photoshoot', 'rain coat', 'sharp', 'simple', 'spaceship', 'studio lighting', 'studio photography', 'ultra realistic', 'Unreal Engine', 'white background', 'women']"
86,https://promptlibrary.org/wp-content/uploads/2023/06/Curly-haired-African-Gym-Woman-midjourney-prompt.jpg,Curly-haired African Gym Woman,"african woman, really short curly hair, tattoos, in gym, working with the bar, natural light, --c 50","['African woman', 'black beauty', 'body positivity', 'Exercise', 'Fitness', 'Gym', 'healthy lifestyle', 'motivation', 'natural light', 'self-care', 'short curly hair', 'Strength Training', 'tattoos', 'Wellness']"
87,https://promptlibrary.org/wp-content/uploads/2023/06/Epic-Tank-Battle-Cinematic-Art-midjourney-prompt.jpg,Epic Tank Battle Cinematic Art,"A cinematic depiction of an epic clash in an open field, showcasing the battle between two opposing factions of soldiers and tanks. The soldiers are engaged in close - quarters combat, utilizing a variety of weapons and tactics. The tanks are strategically positioned, unleashing devastating firepower. The environment is a rugged and rugged terrain, with rocky outcrops and natural obstacles adding to the challenges of the battle. The atmosphere is charged with adrenaline and determination, reflecting the bravery and resilience of the soldiers. The style is artwork, combining painting and digital techniques to create a dynamic and visually striking composition. Strong contrasts and vibrant colors enhance the dramatic effect of the scene. --ar 16:9 --v 5","['adrenaline', 'artwork', 'cinematic', 'clash', 'epic', 'open field', 'rugged terrain', 'soldiers', 'Tactics', 'tanks', 'weapons']"
88,https://promptlibrary.org/wp-content/uploads/2023/06/Rainy-Fashion-Shoot-with-Supermodels-midjourney-prompt.jpg,Rainy Fashion Shoot with Supermodels,"Full body, editorial fashion shoot by Stven Klein, 2 asian supermodel, super long black hair flying in the air, standing in rain. Looking them like a professional models, They are wearing saint laurent long jacket, leather black and red. Their face in model - noun mood, standing together. Dynamic angle. This photo shoot by Canon 6D. Editorial Fashion shoot lighting, contrast, color balance, shutter speed 1/ 250, Hasselblad X1D MQ 600mm f/ 4, 1. 4x teleconverter, 1/ 800s, ISO 500, ultra - detailed, low contrast, cold atmosphere -  - v 5. 1 --ar 3:4","['black and red', 'Canon 6D', 'cold atmosphere', 'color balance', 'contrast', 'dynamic angle', 'editorial fashion', 'Full body', 'Hasselblad X1D', 'leather', 'lighting', 'Long black hair', 'long jacket', 'low contrast', 'rain', 'Shutter speed', 'Steven Klein', 'ultra-detailed']"
89,https://promptlibrary.org/wp-content/uploads/2023/06/Blue-AI-Illustration-in-8K-midjourney-prompt.jpg,Blue AI Illustration in 8K,"Display illustration of artificial intelligence, blue tone, 8k, --ar 16:7 --q 2 --c 90 --s 750 --v 5.1","['8K', 'AI', 'artificial intelligence', 'blue tone', 'computer science', 'digital art', 'display', 'futuristic', 'high resolution', 'illustration', 'innovation', 'machine learning', 'modern', 'robotics', 'Technology']"
90,https://promptlibrary.org/wp-content/uploads/2023/06/Wonderlands-Messy-3D-Adventure-midjourney-prompt.jpg,Wonderlands Messy 3D Adventure,"alice in the wonderland hare, wings, horns, 3D, cartoon, messy, well dressed, semi realistic, ar 2: 1 --v 5","['3D', 'adventure', 'Alice in Wonderland', 'animation', 'AR', 'Cartoon', ""children's book"", 'classic literature', 'fantasy', 'hare', 'horns', 'messy', 'semi-realistic', 'well dressed', 'wings']"
91,https://promptlibrary.org/wp-content/uploads/2023/06/Forest-Architecture-Utopia-midjourney-prompt.jpg,Forest Architecture Utopia,"interior forest Teat structure, photorealistic rendering, alien architecture, technological landscape, surrealism, architectural utopia, clay render, 32k uhd --q 2 --s 750","['32k uhd', '3D modeling', 'alien architecture', 'clay render', 'design', 'environment', 'futuristic', 'nature', 'photorealistic rendering', 'surrealism', 'visualization']"
92,https://promptlibrary.org/wp-content/uploads/2023/06/8K-Fearless-Beauty-midjourney-prompt.jpg,8K Fearless Beauty,"a beautiful young woman facing her fears, hyper detailed, photorealistic, 8k --ar 9:16  --uplight --s 750 --q 2","['8K', 'anxiety', 'beautiful', 'contemporary art', 'digital art', 'Fine Art', 'high resolution', 'hyper-detailed', 'mental health', 'photorealistic', 'portrait', 'realism', 'young woman']"
93,https://promptlibrary.org/wp-content/uploads/2023/06/Ballroom-Solo-in-Vintage-Attire-midjourney-prompt.jpg,Ballroom Solo in Vintage Attire,Wearing 1890's ball suit. Dancing alone. ,"['ball gown', 'choreography', 'contemporary dance', 'costume design', 'dance performance', 'fashion history', 'Formal Attire', 'period costume', 'retro style', 'self-expression', 'Victorian Era']"
94,https://promptlibrary.org/wp-content/uploads/2023/06/Russian-Viking-Sprite-Sheet-Designs-midjourney-prompt.jpg,Russian Viking Sprite Sheet Designs,Russian vikings sprite sheet flat designs ,"['2D', 'animation', 'battle', 'character design', 'game assets', 'graphic design', 'historical', 'illustration', 'medieval', 'Russian', 'Sprite Sheet', 'vector', 'Vikings', 'warrior']"
95,https://promptlibrary.org/wp-content/uploads/2023/06/Yu-Gi-Oh-3D-Vector-Art-midjourney-prompt.jpg,Yu-Gi-Oh 3D Vector Art,"Immerse yourself in the world of Yu - Gi - Oh with this stunning 3D realistic vector image. Against a clean white background, the artwork captures the essence of the beloved anime series with vibrant colors and bold black outlines. From the iconic characters to the intricate card designs, every detail is meticulously rendered to bring the world of dueling to life. The 3D effect adds depth and realism, making the image truly captivating. Whether you're a duelist yourself or a fan of the series, this design is perfect for creating eye - catching print designs or t - shirt graphics. Let the spirit of the Duel Monsters guide you on your own dueling journey with this incredible artwork. ","['3D', 'anime', 'artwork', 'bold black outlines', 'captivating', 'Duel Monsters', 'iconic characters', 'realism', 't-shirt graphics', 'vector image', 'vibrant colors']"
96,https://promptlibrary.org/wp-content/uploads/2023/06/Star-Fruit-Game-Design-midjourney-prompt.jpg,Star Fruit Game Design,"game design sheet, three blue and yellow star shaped fruits, in the style of 2d game art, in the style of ori and the will of the wisps, in the style of dynamic action sequences, white background, forest concept, graceful balance, marine biology - inspired, skillful lighting, graceful movements, opacity and translucency --iw 2  --s 750","['2D game art', 'dynamic action sequences', 'graceful balance', 'Graceful Movements', 'marine biology', 'opacity', 'skillful lighting', 'translucency', 'white background']"
97,https://promptlibrary.org/wp-content/uploads/2023/06/German-Shepherd-Puppy-Coloring-Page-midjourney-prompt.jpg,German Shepherd Puppy Coloring Page,"adult coloring page of a cartoon of a german shepherd puppy, playing, crisp lines, no shading, no grayscale --ar 2:3 --v 5.1","['adult coloring page', 'animal', 'Cartoon', 'crisp lines', 'cute', 'digital', 'dog', 'Fun', 'no grayscale', 'no shading', 'pet', 'playing', 'printable', 'relaxing']"
98,https://promptlibrary.org/wp-content/uploads/2023/06/Futuristic-Logo-for-3D-Artist-midjourney-prompt.jpg,Futuristic Logo for 3D Artist,"logo design, Combining simplicity with a visually captivating and futuristic approach, I will design a logo for 3D artist ""Kay"" that incorporates sci - fi colors, a strong three - dimensional effect, and a sleek typography, evoking a sense of innovation and artistic creativity. ","['branding', 'digital art', 'futuristic', 'graphic design', 'innovation', 'logo design', 'simplicity', 'three-dimensional effect', 'visual appeal', 'visual identity']"
99,https://promptlibrary.org/wp-content/uploads/2023/06/Dreamy-Magenta-Foyer-Wonderland-midjourney-prompt.jpg,Dreamy Magenta Foyer Wonderland,"inside the club to a grand foyer that feels like stepping into a dream. The walls are a deep magenta, transitioning into purple as they reach the high, domed ceiling. The floor is a glossy orange, reflecting the soft yellow lights that hang from the ceiling. The camera used should be a high - resolution 16k camera with a wide - angle lens to capture the full breadth of the scene. The lighting should be soft and warm, casting a warm, inviting glow throughout the space. The colors should be deep and saturated, with a focus on magenta, purple, orange, and yellow. The composition should be a wide shot, capturing the full interior of the foyer and the surrounding environment. --ar 16:9 --v 5.1 --style raw --q 2 --s 750","['16k camera', 'club', 'Deep Colors', 'dream', 'high ceiling', 'Inviting', 'magenta', 'purple', 'saturated colors', 'soft lights', 'warm lighting', 'wide shot', 'wide-angle lens']"
